insert into chapters (
  chapter_id,
  chapter_header,
  chapter_name, 
  chapter_index
) values (
	'f88f59aa-3bc7-411b-b5a7-070049947273',
	'BOOK 3 CHAPTER 2',
	'RECIFE',
	23
), (
	'08b75773-951e-4ef8-ae27-bc1312c220cc',
	'BOOK 3 CHAPTER 3',
	'SOCAL',
	24
), (
	'd0529d9b-f053-486a-a3d2-d0a4cfed48cf',
	'BOOK 3 CHAPTER 4',
	'SEATTLE',
	25
);

insert into checkins (
  checkin_id,
  chapter_id,
  latitude, 
  longitude,
  title,
  blurb,
  location_name,
  checkin_time,
  upload_time,
  allow_peep,
  media,
  spotify_song_id,
  routes
) values (
  '08b64765-5237-4efe-989e-c267765b4de0',
  'f88f59aa-3bc7-411b-b5a7-070049947273',
  -8.728429500000027,
  -35.090385,
  'BEACH HOUSE',
  'they are so cute',
  'Praia dos Carneiros, PE',
  'Sat Jan 28 2023 11:24:35',
  '2023-01-28T14:24:35.340Z', 
  true,
  '[{"name":"Sat Jan 28 2023 11:24:35/Sat Jan 28 2023 11:24:35-0.jpeg","width":337,"height":599,"type":"image"},{"name":"Sat Jan 28 2023 11:24:35/Sat Jan 28 2023 11:24:35-1.jpeg","width":450,"height":600,"type":"image"},{"name":"Sat Jan 28 2023 11:24:35/Sat Jan 28 2023 11:24:35-2.jpeg","width":394,"height":599,"type":"image"},{"name":"Sat Jan 28 2023 11:24:35/Sat Jan 28 2023 11:24:35-3.jpeg","width":600,"height":450,"type":"image"},{"name":"Sat Jan 28 2023 11:24:35/Sat Jan 28 2023 11:24:35-4.jpeg","width":599,"height":337,"type":"image"}]',
  null,
  '[]'
), (
  'a78f9064-b59c-42cf-9785-7af884955813',
  'f88f59aa-3bc7-411b-b5a7-070049947273',
  -8.708867134412293,
  -35.07790513712669,
  'MAGICAL BOAT ADVENTURE',
  '',
  'Praia dos Carneiros, PE, Brasil',
  'Sat Jan 28 2023 18:19:23',
  '2023-01-28T21:19:23.492Z', 
  true,
  '[{"name":"Sat Jan 28 2023 18:19:23/Sat Jan 28 2023 18:19:23-0.jpeg","width":337,"height":599,"type":"image"},{"name":"Sat Jan 28 2023 18:19:23/Sat Jan 28 2023 18:19:23-1.jpeg","width":337,"height":599,"type":"image"},{"name":"Sat Jan 28 2023 18:19:23/Sat Jan 28 2023 18:19:23-2.jpeg","width":599,"height":337,"type":"image"},{"name":"Sat Jan 28 2023 18:19:23/Sat Jan 28 2023 18:19:23-3.jpeg","width":599,"height":337,"type":"image"},{"name":"Sat Jan 28 2023 18:19:23/Sat Jan 28 2023 18:19:23-4.jpeg","width":599,"height":337,"type":"image"},{"name":"Sat Jan 28 2023 18:19:23/Sat Jan 28 2023 18:19:23-5.jpeg","width":337,"height":599,"type":"image"},{"name":"Sat Jan 28 2023 18:19:23/Sat Jan 28 2023 18:19:23-6.jpeg","width":337,"height":599,"type":"image"},{"name":"Sat Jan 28 2023 18:19:23/Sat Jan 28 2023 18:19:23-7.jpeg","width":337,"height":599,"type":"image"},{"name":"Sat Jan 28 2023 18:19:23/Sat Jan 28 2023 18:19:23-8.jpeg","width":337,"height":599,"type":"image"}]',
  null,
  '[]'
), (
  '35382d79-1e47-4f07-af85-727c2bd66aeb',
  'f88f59aa-3bc7-411b-b5a7-070049947273',
  -8.715440779848576,
  -35.086192757484724,
  'MORE BEACH',
  '',
  'Praia dos Carneiros, PE',
  'Wed Feb 01 2023 11:45:43',
  '2023-02-01T14:45:43.188Z', 
  true,
  '[{"name":"Wed Feb 01 2023 11:45:43/Wed Feb 01 2023 11:45:43-0.jpeg","width":337,"height":599,"type":"image"},{"name":"Wed Feb 01 2023 11:45:43/Wed Feb 01 2023 11:45:43-1.jpeg","width":337,"height":599,"type":"image"},{"name":"Wed Feb 01 2023 11:45:43/Wed Feb 01 2023 11:45:43-2.jpeg","width":337,"height":599,"type":"image"},{"name":"Wed Feb 01 2023 11:45:43/Wed Feb 01 2023 11:45:43-3.jpeg","width":600,"height":450,"type":"image"},{"name":"Wed Feb 01 2023 11:45:43/Wed Feb 01 2023 11:45:43-4.jpeg","width":450,"height":600,"type":"image"},{"name":"Wed Feb 01 2023 11:45:43/Wed Feb 01 2023 11:45:43-5.jpeg","width":450,"height":600,"type":"image"}]',
  null,
  '[]'
), (
  '947fc1d8-a61c-47d2-a790-9272c46ea574',
  'f88f59aa-3bc7-411b-b5a7-070049947273',
  -8.062162399999998,
  -34.91801770000001,
  'RECIFE MOTO TRIP BEGINS',
  '5 days in the Brazilian northeast with the old man',
  'Recife Moto Road, Recife, PE',
  'Tue Feb 07 2023 10:15:23',
  '2023-02-07T13:15:23.024Z', 
  true,
  '[{"name":"Tue Feb 07 2023 10:15:23/Tue Feb 07 2023 10:15:23-0.jpeg","width":337,"height":599,"type":"image"},{"name":"Tue Feb 07 2023 10:15:23/Tue Feb 07 2023 10:15:23-1.jpeg","width":599,"height":337,"type":"image"}]',
  null,
  '[]'
), (
  '9009573d-8b40-477f-806b-de02705be6db',
  'f88f59aa-3bc7-411b-b5a7-070049947273',
  -8.49324657517309,
  -36.23745714753102,
  'PARADA ESTRATÉGICA',
  'sem picolé não dá né',
  'Cachoeirinha, PE',
  'Tue Feb 07 2023 14:52:12',
  '2023-02-07T17:52:12.113Z', 
  true,
  '[{"name":"Tue Feb 07 2023 14:52:12/Tue Feb 07 2023 14:52:12-0.jpeg","width":450,"height":600,"type":"image"}]',
  null,
  '[]'
), (
  '7f646310-e60f-4a96-9356-25bedec43db0',
  'f88f59aa-3bc7-411b-b5a7-070049947273',
  -8.879895824304509,
  -36.490131284675925,
  'TIO NICÓ',
  '',
  'Garanhuns, PE',
  'Tue Feb 07 2023 20:33:14',
  '2023-02-07T23:33:14.366Z', 
  true,
  '[{"name":"Tue Feb 07 2023 20:33:14/Tue Feb 07 2023 20:33:14-0.jpeg","width":424,"height":599,"type":"image"},{"name":"Tue Feb 07 2023 20:33:14/Tue Feb 07 2023 20:33:14-1.jpeg","width":600,"height":450,"type":"image"}]',
  null,
  '[]'
), (
  '738ca4dc-1bca-4890-b452-235275444abd',
  'f88f59aa-3bc7-411b-b5a7-070049947273',
  -8.527620107934942,
  -36.91871737119649,
  'MOINHOS',
  '',
  'BR-424, PE',
  'Wed Feb 08 2023 09:50:08',
  '2023-02-08T12:50:08.210Z', 
  true,
  '[{"name":"Wed Feb 08 2023 09:50:08/Wed Feb 08 2023 09:50:08-0.jpeg","width":337,"height":599,"type":"image"},{"name":"Wed Feb 08 2023 09:50:08/Wed Feb 08 2023 09:50:08-1.jpeg","width":337,"height":599,"type":"image"},{"name":"Wed Feb 08 2023 09:50:08/Wed Feb 08 2023 09:50:08-2.jpeg","width":337,"height":599,"type":"image"}]',
  null,
  '[]'
), (
  'cac7536a-db24-4d28-bf6e-449a83c32437',
  'f88f59aa-3bc7-411b-b5a7-070049947273',
  -7.83540177132861,
  -38.10526883186154,
  'TRIUMPH',
  'So far 9 people have recognized my dad in shops and on the street. And the Electra Glide elicits so much gawking! A Harley must be a rare sight around these parts.',
  'Triunfo, PE, Brasil',
  'Wed Feb 08 2023 20:01:21',
  '2023-02-08T23:01:21.421Z', 
  true,
  '[{"name":"Wed Feb 08 2023 20:01:21/Wed Feb 08 2023 20:01:21-0.jpeg","width":450,"height":600,"type":"image"},{"name":"Wed Feb 08 2023 20:01:21/Wed Feb 08 2023 20:01:21-1.jpeg","width":337,"height":599,"type":"image"},{"name":"Wed Feb 08 2023 20:01:21/Wed Feb 08 2023 20:01:21-2.jpeg","width":337,"height":599,"type":"image"},{"name":"Wed Feb 08 2023 20:01:21/Wed Feb 08 2023 20:01:21-3.jpeg","width":337,"height":599,"type":"image"},{"name":"Wed Feb 08 2023 20:01:21/Wed Feb 08 2023 20:01:21-4.jpeg","width":337,"height":599,"type":"image"},{"name":"Wed Feb 08 2023 20:01:21/Wed Feb 08 2023 20:01:21-5.jpeg","width":337,"height":599,"type":"image"},{"name":"Wed Feb 08 2023 20:01:21/Wed Feb 08 2023 20:01:21-6.jpeg","width":337,"height":599,"type":"image"},{"name":"Wed Feb 08 2023 20:01:21/Wed Feb 08 2023 20:01:21-7.jpeg","width":337,"height":599,"type":"image"}]',
  null,
  '[]'
), (
  'aa15f051-80c0-4f84-aa9b-0b790a797422',
  'f88f59aa-3bc7-411b-b5a7-070049947273',
  -7.828599367340979,
  -38.11223015479342,
  'CAFÉ DO BREJO',
  'Our little motel ',
  'Triunfo, PE, Brasil',
  'Thu Feb 09 2023 07:28:51',
  '2023-02-09T10:28:51.279Z', 
  true,
  '[{"name":"Thu Feb 09 2023 07:28:51/Thu Feb 09 2023 07:28:51-0.jpeg","width":450,"height":600,"type":"image"},{"name":"Thu Feb 09 2023 07:28:51/Thu Feb 09 2023 07:28:51-1.jpeg","width":599,"height":337,"type":"image"},{"name":"Thu Feb 09 2023 07:28:51/Thu Feb 09 2023 07:28:51-2.jpeg","width":599,"height":337,"type":"image"}]',
  null,
  '[]'
), (
  '87790d3c-387e-47ca-a5a0-9408c1295192',
  'f88f59aa-3bc7-411b-b5a7-070049947273',
  -7.807038799999998,
  -37.79677801560004,
  'I FORGOT MY TRUNK KEYS',
  'so instead of riding all the way back to get them we''re seeing if we can''t get a new set made in this tiny town ',
  'Carnaíba, PE, Brasil',
  'Thu Feb 09 2023 09:14:50',
  '2023-02-09T12:14:50.751Z', 
  true,
  '[{"name":"Thu Feb 09 2023 09:14:50/Thu Feb 09 2023 09:14:50-0.jpeg","width":599,"height":337,"type":"image"}]',
  null,
  '[]'
), (
  '1008b089-8afe-4b57-b548-8d6b449c4730',
  'f88f59aa-3bc7-411b-b5a7-070049947273',
  -7.598111199600031,
  -37.30904847222908,
  'TUPARETAMA',
  'pit stop for food and coffee. for less than 10 dollars we got two buffets, meat, coffee, and a liter of coke',
  'Tuparetama, PE, Brasil',
  'Thu Feb 09 2023 12:06:08',
  '2023-02-09T15:06:08.938Z', 
  true,
  '[{"name":"Thu Feb 09 2023 12:06:08/Thu Feb 09 2023 12:06:08-0.jpeg","width":337,"height":599,"type":"image"}]',
  null,
  '[]'
), (
  'b4a58cab-e504-4c6f-af7c-2e607435e92f',
  'f88f59aa-3bc7-411b-b5a7-070049947273',
  -7.2723054478285345,
  -36.24362736085746,
  'BIKE TROUBLE ',
  'Every 20 seconds or so the throttle goes unresponsive for 5',
  'Boa Vista, PE, Brasil ',
  'Thu Feb 09 2023 15:46:31',
  '2023-02-09T18:46:31.309Z', 
  true,
  '[]',
  null,
  '[]'
), (
  '13624138-21db-46d1-88e5-91fc52218db4',
  'f88f59aa-3bc7-411b-b5a7-070049947273',
  -7.237952339649324,
  -35.86695276648092,
  'FANCY HOTEL',
  'After a grueling 10 hours on the road, we finally settle in a nice hotel. We had all sorts of issues today, but the most notable was when I crashed my bike into my dad''s as we passed a speed bump. It was at low speed - so nothing major - but we both got a couple scrapes. Yikes! I''m ready to call this day a wrap.',
  'Hotel Slaviero, Campina Grande, PE, Brasil',
  'Thu Feb 09 2023 21:19:28',
  '2023-02-10T00:19:28.487Z', 
  true,
  '[{"name":"Thu Feb 09 2023 21:19:28/Thu Feb 09 2023 21:19:28-0.jpeg","width":337,"height":599,"type":"image"},{"name":"Thu Feb 09 2023 21:19:28/Thu Feb 09 2023 21:19:28-1.jpeg","width":372,"height":600,"type":"image"}]',
  null,
  '[]'
), (
  'e301b43e-e6b6-4696-9132-3020a30f6fe5',
  'f88f59aa-3bc7-411b-b5a7-070049947273',
  -7.187949879515878,
  -35.2850955164368,
  'CURIMATAÚ',
  'Cada nome de cidade mais louco',
  'Curimataú, PB, Brasil',
  'Fri Feb 10 2023 15:36:57',
  '2023-02-10T18:36:57.641Z', 
  true,
  '[{"name":"Fri Feb 10 2023 15:36:57/Fri Feb 10 2023 15:36:57-0.jpeg","width":337,"height":599,"type":"image"}]',
  null,
  '[]'
), (
  'a1ec5f4c-5c55-49d1-9174-903d50dd9c46',
  'f88f59aa-3bc7-411b-b5a7-070049947273',
  -7.100254946200021,
  -34.83465225379999,
  'JOHN PERSON',
  '',
  'João Pessoa, PB, Brasil',
  'Fri Feb 10 2023 21:36:29',
  '2023-02-11T00:36:29.034Z', 
  true,
  '[{"name":"Fri Feb 10 2023 21:36:29/Fri Feb 10 2023 21:36:29-0.jpeg","width":337,"height":599,"type":"image"},{"name":"Fri Feb 10 2023 21:36:29/Fri Feb 10 2023 21:36:29-1.jpeg","width":337,"height":599,"type":"image"},{"name":"Fri Feb 10 2023 21:36:29/Fri Feb 10 2023 21:36:29-2.jpeg","width":599,"height":373,"type":"image"},{"name":"Fri Feb 10 2023 21:36:29/Fri Feb 10 2023 21:36:29-3.jpeg","width":337,"height":599,"type":"image"}]',
  null,
  '[]'
), (
  'd68af1a7-b4d8-4a78-864e-dd1256d05ac3',
  'f88f59aa-3bc7-411b-b5a7-070049947273',
  -8.036165907375366,
  -34.91795781344334,
  'BACK',
  'and exhausted ',
  'Recife, PE',
  'Sat Feb 11 2023 22:06:03',
  '2023-02-12T01:06:03.392Z', 
  true,
  '[{"name":"Sat Feb 11 2023 22:06:03/Sat Feb 11 2023 22:06:03-0.jpeg","width":600,"height":450,"type":"image"}]',
  null,
  '[]'
), (
  '99c9a478-1afa-47c6-acac-4d4306eacb82',
  'f88f59aa-3bc7-411b-b5a7-070049947273',
  -8.127729849718584,
  -34.9061567531061,
  'ACADEMIA CRISTÃ DE BOA VIAGEM',
  'I talked to a classroom full of bored high school students about how to get into an American college as a Brazilian applicant. I do love teaching and this reminded me of that. It also highlighted how my Portuguese is not as sharp as it used to be - I''m still fluent, but I''m not as comfortable expressing high level concepts in it as I am in English.',
  'Recife, PE, Brasil',
  'Tue Feb 14 2023 19:09:27',
  '2023-02-14T22:09:27.940Z', 
  true,
  '[{"name":"Tue Feb 14 2023 19:09:27/Tue Feb 14 2023 19:09:27-0.jpeg","width":600,"height":450,"type":"image"},{"name":"Tue Feb 14 2023 19:09:27/Tue Feb 14 2023 19:09:27-1.jpeg","width":600,"height":450,"type":"image"}]',
  null,
  '[]'
), (
  '4b2460bc-5b8b-4c76-b745-d9f57bf49255',
  'f88f59aa-3bc7-411b-b5a7-070049947273',
  -8.064124989200014,
  -34.87292741280001,
  'MARCO ZERO',
  '',
  'Marco Zero, Recife, PE',
  'Thu Feb 16 2023 17:17:13',
  '2023-02-16T20:17:13.919Z', 
  true,
  '[{"name":"Thu Feb 16 2023 17:17:13/Thu Feb 16 2023 17:17:13-0.jpeg","width":599,"height":337,"type":"image"},{"name":"Thu Feb 16 2023 17:17:13/Thu Feb 16 2023 17:17:13-1.jpeg","width":337,"height":599,"type":"image"}]',
  null,
  '[]'
), (
  'a38f6b54-6a62-412e-a85e-6b006c6794fc',
  'f88f59aa-3bc7-411b-b5a7-070049947273',
  -8.03406777996064,
  -34.918429462956254,
  'ADEUS RECIFE',
  '',
  'Recife, PE',
  'Fri Feb 24 2023 15:12:44',
  '2023-02-25T02:20:15.425Z', 
  true,
  '[{"name":"Fri Feb 24 2023 15:12:44/Fri Feb 24 2023 15:12:44-0.jpeg","width":599,"height":337,"type":"image"},{"name":"Fri Feb 24 2023 15:12:44/Fri Feb 24 2023 15:12:44-1.jpeg","width":599,"height":337,"type":"image"},{"name":"Fri Feb 24 2023 15:12:44/Fri Feb 24 2023 15:12:44-2.jpeg","width":337,"height":599,"type":"image"}]',
  null,
  '[]'
), (
  'e1607221-f4c1-4309-83a9-270ed83952ad',
  '08b75773-951e-4ef8-ae27-bc1312c220cc',
  34.05329866878463,
  -118.34205832274091,
  'LOS ANGELES',
  'Socal best cal',
  'Los Angeles, CA',
  'Sun Mar 05 2023 20:25:07',
  '2023-03-06T04:25:07.443Z', 
  true,
  '[]',
  null,
  '[]'
), (
  '5462cf38-76dd-4186-bb6e-2e6d79a12f54',
  '08b75773-951e-4ef8-ae27-bc1312c220cc',
  33.807059328250986,
  -117.91950917494924,
  'DISNEYLAND',
  '',
  'Disneyland, Anaheim, CA',
  'Mon Mar 06 2023 18:35:09',
  '2023-03-07T02:35:09.063Z', 
  true,
  '[{"name":"Mon Mar 06 2023 18:35:09/Mon Mar 06 2023 18:35:09-0.jpeg","width":337,"height":599,"type":"image"},{"name":"Mon Mar 06 2023 18:35:09/Mon Mar 06 2023 18:35:09-1.jpeg","width":337,"height":599,"type":"image"},{"name":"Mon Mar 06 2023 18:35:09/Mon Mar 06 2023 18:35:09-2.jpeg","width":337,"height":599,"type":"image"},{"name":"Mon Mar 06 2023 18:35:09/Mon Mar 06 2023 18:35:09-3.jpeg","width":337,"height":599,"type":"image"},{"name":"Mon Mar 06 2023 18:35:09/Mon Mar 06 2023 18:35:09-4.jpeg","width":599,"height":337,"type":"image"},{"name":"Mon Mar 06 2023 18:35:09/Mon Mar 06 2023 18:35:09-5.jpeg","width":599,"height":337,"type":"image"},{"name":"Mon Mar 06 2023 18:35:09/Mon Mar 06 2023 18:35:09-6.jpeg","width":599,"height":337,"type":"image"},{"name":"Mon Mar 06 2023 18:35:09/Mon Mar 06 2023 18:35:09-7.jpeg","width":504,"height":600,"type":"image"}]',
  null,
  '[]'
), (
  '76935494-f5c3-4ee8-9405-bb4400b4b076',
  '08b75773-951e-4ef8-ae27-bc1312c220cc',
  34.04268015880571,
  -118.30873680481099,
  'FRANCES',
  'there''s more pictures but she won''t let me post them',
  'Los Angeles, CA',
  'Thu Mar 09 2023 07:59:56',
  '2023-03-09T15:59:56.318Z', 
  true,
  '[{"name":"Thu Mar 09 2023 07:59:56/Thu Mar 09 2023 07:59:56-0.jpeg","width":450,"height":600,"type":"image"},{"name":"Thu Mar 09 2023 07:59:56/Thu Mar 09 2023 07:59:56-1.jpeg","width":337,"height":599,"type":"image"},{"name":"Thu Mar 09 2023 07:59:56/Thu Mar 09 2023 07:59:56-2.jpeg","width":337,"height":599,"type":"image"}]',
  null,
  '[]'
), (
  '63bfcc41-341f-469b-8cf7-631a0b23155b',
  '08b75773-951e-4ef8-ae27-bc1312c220cc',
  34.13515749554182,
  -116.13246547726953,
  'JOSHUA TREE',
  'awwww yeah ',
  'Joshua Tree, CA',
  'Thu Mar 09 2023 22:29:53',
  '2023-03-10T06:29:53.118Z', 
  true,
  '[{"name":"Thu Mar 09 2023 22:29:53/Thu Mar 09 2023 22:29:53-0.jpeg","width":337,"height":599,"type":"image"},{"name":"Thu Mar 09 2023 22:29:53/Thu Mar 09 2023 22:29:53-1.jpeg","width":599,"height":337,"type":"image"},{"name":"Thu Mar 09 2023 22:29:53/Thu Mar 09 2023 22:29:53-2.jpeg","width":599,"height":337,"type":"image"}]',
  null,
  '[]'
), (
  '73a2c727-19df-48a7-9419-d1af03db60fe',
  '08b75773-951e-4ef8-ae27-bc1312c220cc',
  33.85015396848183,
  -115.85387511449252,
  'DESERT HIJINKS',
  'just one more epic trip trip and national park ',
  'Joshua Tree National Park, CA',
  'Mon Mar 13 2023 20:18:04',
  '2023-03-14T03:18:04.874Z', 
  true,
  '[{"name":"Mon Mar 13 2023 20:18:04/Mon Mar 13 2023 20:18:04-0.jpeg","width":346,"height":600,"type":"image"},{"name":"Mon Mar 13 2023 20:18:04/Mon Mar 13 2023 20:18:04-1.jpeg","width":337,"height":599,"type":"image"},{"name":"Mon Mar 13 2023 20:18:04/Mon Mar 13 2023 20:18:04-2.jpeg","width":337,"height":599,"type":"image"},{"name":"Mon Mar 13 2023 20:18:04/Mon Mar 13 2023 20:18:04-3.jpeg","width":337,"height":599,"type":"image"},{"name":"Mon Mar 13 2023 20:18:04/Mon Mar 13 2023 20:18:04-4.jpeg","width":337,"height":599,"type":"image"}]',
  null,
  '[]'
), (
  '69a17e7f-2ced-454f-92f6-12007d91c62f',
  'd0529d9b-f053-486a-a3d2-d0a4cfed48cf',
  47.66115623959345,
  -122.34265846496194,
  'YOGA WITH CATS',
  'yes you heard that right ',
  'Seattle Meowtropolitan, Seattle, WA',
  'Sun Mar 19 2023 11:40:09',
  '2023-03-20T00:44:25.429Z', 
  true,
  '[{"name":"Sun Mar 19 2023 11:40:09/Sun Mar 19 2023 11:40:09-0.jpeg","width":450,"height":600,"type":"image"}]',
  null,
  '[]'
), (
  '14c43a39-49be-471a-8577-70b9b43fb94c',
  'd0529d9b-f053-486a-a3d2-d0a4cfed48cf',
  47.51974343639981,
  -122.36832682404622,
  'ROLLER RINK',
  'rolling skates is way fucking harder than it looks',
  'Southgate Roller Rink, Seattle, WA',
  'Sat Mar 25 2023 00:19:42',
  '2023-03-25T07:19:42.360Z', 
  true,
  '[{"name":"Sat Mar 25 2023 00:19:42/Sat Mar 25 2023 00:19:42-0.jpeg","width":337,"height":599,"type":"image"},{"name":"Sat Mar 25 2023 00:19:42/Sat Mar 25 2023 00:19:42-1.jpeg","width":337,"height":599,"type":"image"},{"name":"Sat Mar 25 2023 00:19:42/Sat Mar 25 2023 00:19:42-2.jpeg","width":337,"height":599,"type":"image"},{"name":"Sat Mar 25 2023 00:19:42/Sat Mar 25 2023 00:19:42-3.jpeg","width":337,"height":599,"type":"image"},{"name":"Sat Mar 25 2023 00:19:42/Sat Mar 25 2023 00:19:42-4.jpeg","width":337,"height":599,"type":"image"},{"name":"Sat Mar 25 2023 00:19:42/Sat Mar 25 2023 00:19:42-5.jpeg","width":599,"height":337,"type":"image"},{"name":"Sat Mar 25 2023 00:19:42/Sat Mar 25 2023 00:19:42-6.jpeg","width":599,"height":337,"type":"image"}]',
  null,
  '[]'
), (
  'c24741e4-9d0c-4828-b668-7ccf4722d1fc',
  'd0529d9b-f053-486a-a3d2-d0a4cfed48cf',
  47.59778848250304,
  -122.33177290648955,
  'MONSTER JAM',
  '',
  'Lumen Field, Seattle, WA',
  'Sat Apr 01 2023 21:46:03',
  '2023-04-02T04:46:03.241Z', 
  true,
  '[{"name":"Sat Apr 01 2023 21:46:03/Sat Apr 01 2023 21:46:03-0.jpeg","width":599,"height":337,"type":"image"},{"name":"Sat Apr 01 2023 21:46:03/Sat Apr 01 2023 21:46:03-1.jpeg","width":599,"height":337,"type":"image"},{"name":"Sat Apr 01 2023 21:46:03/Sat Apr 01 2023 21:46:03-2.jpeg","width":599,"height":337,"type":"image"},{"name":"Sat Apr 01 2023 21:46:03/Sat Apr 01 2023 21:46:03-3.jpeg","width":337,"height":599,"type":"image"},{"name":"Sat Apr 01 2023 21:46:03/Sat Apr 01 2023 21:46:03-4.jpeg","width":337,"height":599,"type":"image"},{"name":"Sat Apr 01 2023 21:46:03/Sat Apr 01 2023 21:46:03-5.jpeg","width":337,"height":599,"type":"image"}]',
  null,
  '[]'
), (
  '0ef6c84e-1684-4dd3-97fc-202c60441350',
  'd0529d9b-f053-486a-a3d2-d0a4cfed48cf',
  47.61314650058797,
  -122.33531107027996,
  'THE SUPER MARIO BROS MOVIE',
  '',
  'AMC Pacific Place 11, Seattle, WA',
  'Thu Apr 06 2023 21:07:39',
  '2023-04-07T04:07:39.881Z', 
  true,
  '[{"name":"Thu Apr 06 2023 21:07:39/Thu Apr 06 2023 21:07:39-0.jpeg","width":337,"height":599,"type":"image"},{"name":"Thu Apr 06 2023 21:07:39/Thu Apr 06 2023 21:07:39-1.jpeg","width":337,"height":599,"type":"image"}]',
  null,
  '[]'
), (
  'b4e0246b-f0d8-4066-abd2-534d7c2783bc',
  'd0529d9b-f053-486a-a3d2-d0a4cfed48cf',
  47.6404109632584,
  -122.35098081235536,
  'MITCH''S BIRTHDAY PARTY',
  'the rule was to dress up as something that starts with M',
  'Queen Anne, Seattle, WA',
  'Sun Apr 09 2023 01:22:19',
  '2023-04-09T08:22:19.297Z', 
  true,
  '[{"name":"Sun Apr 09 2023 01:22:19/Sun Apr 09 2023 01:22:19-0.jpeg","width":599,"height":337,"type":"image"},{"name":"Sun Apr 09 2023 01:22:19/Sun Apr 09 2023 01:22:19-1.jpeg","width":337,"height":599,"type":"image"},{"name":"Sun Apr 09 2023 01:22:19/Sun Apr 09 2023 01:22:19-2.jpeg","width":337,"height":599,"type":"image"},{"name":"Sun Apr 09 2023 01:22:19/Sun Apr 09 2023 01:22:19-3.jpeg","width":337,"height":599,"type":"image"}]',
  null,
  '[]'
), (
  'f4cfdd02-d395-42dc-b431-0172c6a7059a',
  'd0529d9b-f053-486a-a3d2-d0a4cfed48cf',
  47.621913486079485,
  -122.35380688067099,
  'JOHN MAYER 2: THE MAYERING',
  'opening act by Alec Benjamin',
  'Climate Pledge Arena, Seattle, WA',
  'Wed Apr 12 2023 00:03:12',
  '2023-04-12T07:03:12.410Z', 
  true,
  '[{"name":"Wed Apr 12 2023 00:03:12/Wed Apr 12 2023 00:03:12-0.jpeg","width":337,"height":599,"type":"image"},{"name":"Wed Apr 12 2023 00:03:12/Wed Apr 12 2023 00:03:12-1.jpeg","width":451,"height":599,"type":"image"},{"name":"Wed Apr 12 2023 00:03:12/Wed Apr 12 2023 00:03:12-2.jpeg","width":599,"height":337,"type":"image"},{"name":"Wed Apr 12 2023 00:03:12/Wed Apr 12 2023 00:03:12-3.jpeg","width":599,"height":337,"type":"image"},{"name":"Wed Apr 12 2023 00:03:12/Wed Apr 12 2023 00:03:12-4.jpeg","width":337,"height":599,"type":"image"},{"name":"Wed Apr 12 2023 00:03:12/Wed Apr 12 2023 00:03:12-5.jpeg","width":337,"height":599,"type":"image"},{"name":"Wed Apr 12 2023 00:03:12/Wed Apr 12 2023 00:03:12-6.jpeg","width":337,"height":599,"type":"image"},{"name":"Wed Apr 12 2023 00:03:12/Wed Apr 12 2023 00:03:12-7.jpeg","width":337,"height":599,"type":"image"},{"name":"Wed Apr 12 2023 00:03:12/Wed Apr 12 2023 00:03:12-8.jpeg","width":337,"height":599,"type":"image"},{"name":"Wed Apr 12 2023 00:03:12/Wed Apr 12 2023 00:03:12-9.jpeg","width":337,"height":599,"type":"image"},{"name":"Wed Apr 12 2023 00:03:12/Wed Apr 12 2023 00:03:12-10.jpeg","width":599,"height":337,"type":"image"},{"name":"Wed Apr 12 2023 00:03:12/Wed Apr 12 2023 00:03:12-11.jpeg","width":337,"height":599,"type":"image"},{"name":"Wed Apr 12 2023 00:03:12/Wed Apr 12 2023 00:03:12-12.jpeg","width":337,"height":599,"type":"image"}]',
  null,
  '[]'
);

insert into peeps (
  peep_id,
  peeper_name,
  peeper_leaderboard_name,
  checkin_id,
  comment,
  peep_time
) values (
  'bbcae7b6-52b0-4b54-a475-cdde33f4e918',
  'frances',
  null,
  '08b64765-5237-4efe-989e-c267765b4de0',
  'SO SO cute!!! the mermaid suit',
  '2023-01-28T16:17:10.674Z'
), (
  'e0dd85eb-6bbf-4315-9c07-78142d41d6ef',
  'slopes',
  null,
  'a78f9064-b59c-42cf-9785-7af884955813',
  'Meu Brasil brasileiro!',
  '2023-01-28T22:37:44.073Z'
);